name,category,region,description,best_time,distance_from_colombo_km,budget_level,attractions,travel_tips,highlights
Mirissa,Beach,Southern,A crescent-shaped beach famous for whale watching and a laid-back vibe. One of Sri Lanka's most photogenic coastal spots with turquoise waters and swaying palms.,November to April,150,Budget to Mid-range,"Whale watching tours, Parrot Rock, Secret Beach, Mirissa Beach, Coconut Tree Hill","Book whale watching at dawn for best sightings. Avoid blue whale season rush by going mid-week. Many guesthouses offer great sea views.","Blue whale sightings, stunning sunsets, fresh seafood"
Unawatuna,Beach,Southern,A sheltered bay near Galle with calm waters perfect for swimming and snorkeling. Surrounded by coral reefs and a vibrant cafe culture.,November to April,130,Budget to Mid-range,"Jungle Beach, Rumassala Hill, Japanese Peace Pagoda, Snorkeling spots","Great base for day trips to Galle Fort. The bay is naturally protected so waters are calm year-round.","Calm snorkeling bay, Galle day trips, lively nightlife"
Arugam Bay,Beach,Eastern,A legendary surf destination on the east coast with consistent waves and a bohemian atmosphere. Famous among surfers worldwide.,May to September,315,Budget,"Main Point surf break, Pottuvil Point, Crocodile Rock, Whisky Point","East coast season is opposite to west so great for May-September. Rent a scooter to explore nearby lagoons.","World-class surfing, leopard safaris nearby, stunning lagoons"
Tangalle,Beach,Southern,A serene and unspoiled stretch of southern coastline known for its wide beaches and turtle nesting sites. Less touristy and more tranquil.,November to April,195,Budget to Mid-range,"Rekawa Beach turtle nesting, Hummanaya Blowhole, Mulkirigala Rock Temple","Watch sea turtles nesting at Rekawa Beach at night with a ranger. Very peaceful and uncrowded.","Sea turtle nesting, blowholes, peaceful atmosphere"
Nilaveli,Beach,Northern,A pristine white sand beach in the north with crystal clear water and access to Pigeon Island Marine Park. Remote and stunningly beautiful.,April to September,280,Budget to Mid-range,"Pigeon Island Marine Park, snorkeling, Trincomalee temples","Combine with Trincomalee hot springs and temples. Pigeon Island has some of Sri Lanka's best snorkeling.","Pigeon Island snorkeling, untouched white sands, remote feel"
Bentota,Beach,Western,A popular beach resort town combining lagoon water sports with golden beaches. Great for watersports and Ayurveda retreats.,November to April,65,Mid-range to Luxury,"Bentota Lagoon, watersports, Brief Garden, Kosgoda Turtle Hatchery","Take a boat safari on the Bentota lagoon. Visit the turtle hatchery at Kosgoda just 10km away.","Water sports, lagoon safaris, Ayurveda spas"
Hikkaduwa,Beach,Southern,A classic beach town with a long coral reef and a lively atmosphere. Popular for surfing and glass-bottom boat rides.,November to April,100,Budget,"Hikkaduwa Coral Reef, Sea Turtle spotting, Blow Hole, Hikkaduwa Lake","Rent a bicycle to explore the coast. The coral reef is walkable at low tide in some sections.","Coral reef snorkeling, surfing, vibrant nightlife"
Pasikuda,Beach,Eastern,A uniquely shallow lagoon-style beach that extends almost a kilometer with knee-deep calm water. Ideal for families.,April to September,290,Mid-range to Luxury,"Shallow lagoon beach, Kalkudah beach, watersports","The shallow water makes it perfect for families with children. Book well ahead as it is a popular spot.","Shallow calm waters, family-friendly, pristine sands"
Kandy,Culture,Central,The cultural capital of Sri Lanka and home to the sacred Temple of the Tooth Relic. Set around a beautiful lake surrounded by forested hills.,January to April,116,Budget to Mid-range,"Temple of the Tooth, Kandy Lake, Royal Botanical Gardens Peradeniya, Kandyan Cultural Show, Udawatte Kele Sanctuary","Don't miss the evening Kandyan dance performance. Visit the Peradeniya Botanical Gardens early morning.","Sacred Temple of the Tooth, Kandyan dance, lush botanical gardens"
Anuradhapura,Heritage,North Central,The ancient first capital of Sri Lanka with ruins spanning over 2000 years. A UNESCO World Heritage Site with sacred Buddhist monuments.,May to September,200,Budget,"Sacred Bo Tree, Ruwanwelisaya Dagoba, Jetavanarama Stupa, Abhayagiri Monastery, Isurumuniya Temple","Rent a bicycle to cover the vast archaeological site. Dress modestly as this is an active religious site.","Ancient dagobas, sacred Bo tree over 2200 years old, UNESCO site"
Polonnaruwa,Heritage,North Central,Sri Lanka's second ancient capital with remarkably preserved ruins including the famous Gal Vihara rock sculptures.,May to September,215,Budget,"Gal Vihara rock sculptures, Parakrama Samudra lake, Rankoth Vehera, Lankatilaka Image House","Combine with a Minneriya safari day trip. Hire a local guide to understand the historical context.","Magnificent rock sculptures, medieval architecture, ancient reservoirs"
Sigiriya,Heritage,Central,The iconic Lion Rock fortress rising 200m above the jungle. A UNESCO World Heritage Site with ancient frescoes and panoramic views.,May to October,170,Mid-range,"Sigiriya Rock Fortress, Frescoes Gallery, Mirror Wall, Water Gardens, Pidurangala Rock","Climb Pidurangala Rock at sunrise for the best view of Sigiriya without the crowds.","Iconic rock fortress, ancient frescoes, breathtaking summit views"
Dambulla,Heritage,Central,Home to the most impressive cave temple complex in Sri Lanka with five caves filled with over 150 Buddha statues and ancient paintings.,May to October,148,Budget,"Dambulla Cave Temple UNESCO, Golden Temple, Dambulla Market","Combine with a Sigiriya day trip as they are only 20km apart. Visit the cave temple in the morning.","Ancient cave paintings, 150 plus Buddha statues, UNESCO World Heritage"
Ella,Nature,Uva,A charming hill station surrounded by tea plantations waterfalls and breathtaking mountain views. Famous for the Nine Arch Bridge and hiking trails.,January to April,195,Budget,"Nine Arch Bridge, Little Adam's Peak, Ella Rock, Ravana Falls, Rawana Ella Cave","Take the famous train from Kandy or Nuwara Eliya. Hike Little Adam's Peak at sunrise.","Iconic Nine Arch Bridge, tea country hikes, scenic train rides"
Nuwara Eliya,Nature,Central,Known as Little England for its cool climate and colonial architecture. Surrounded by tea estates and is the heart of Sri Lanka's tea country.,April to June,170,Mid-range,"Victoria Park, Gregory Lake, Tea factory tours, Horton Plains, Hakgala Botanical Garden","Visit a working tea factory for a tour and tasting. The town gets foggy and cold at night so bring a jacket.","Tea estate tours, colonial charm, cool mountain climate"
Sinharaja,Nature,Southern,Sri Lanka's only remaining tropical rainforest and a UNESCO Biosphere Reserve. A biodiversity hotspot with endemic birds and rare wildlife.,January to April,150,Budget to Mid-range,"Rainforest trekking, Bird watching, Endemic species, Guided nature walks","Always go with a registered guide. Leeches are present so wear appropriate footwear.","Endemic bird species, virgin rainforest, exceptional biodiversity"
Horton Plains,Nature,Central,A misty plateau at 2100m altitude with unique cloud forest ecosystems. Famous for World's End cliff with dramatic drops into the lowland forest.,January to April,190,Budget,"World's End viewpoint, Baker's Falls, Cloud forest trails","Start the trek before 7am to catch the view before clouds roll in. The plateau is cold so bring warm layers.","World's End cliff drop, misty cloud forest, endemic wildlife"
Knuckles,Nature,Central,A rugged mountain range with dramatic peaks deep valleys and rural village life. UNESCO-listed with exceptional biodiversity and trekking routes.,January to April,110,Budget,"Trekking trails, Corbett's Gap, Village homestays, Bird watching","Multi-day treks are available with village homestays. One of Sri Lanka's most underrated hiking destinations.","Remote mountain trekking, rural village culture, misty peaks"
Yala,Wildlife,Southern,Sri Lanka's most famous national park with the world's highest density of leopards. Also home to elephants sloth bears crocodiles and 200 bird species.,February to June,300,Mid-range to Luxury,"Leopard safaris, Elephant herds, Sloth bear sightings, Block 1 game drives","Book Block 1 for best leopard sightings. Go on multiple game drives for better chances.","Highest leopard density in world, diverse big game, coastal park scenery"
Udawalawe,Wildlife,Southern,A premier elephant sanctuary offering near-guaranteed elephant sightings. Famous for large elephant herds coming to the reservoir at dusk.,Year-round,165,Budget to Mid-range,"Elephant herds, Elephant Transit Home, Reservoir views, Bird watching","Visit the Elephant Transit Home where orphaned baby elephants are fed at 9am 12pm 3pm and 6pm.","Guaranteed elephant herds, Elephant Transit Home, peaceful reservoir"
Wilpattu,Wildlife,North Western,Sri Lanka's largest national park with a unique landscape of natural lakes called villus. Less visited than Yala but offers superb leopard sightings.,February to October,165,Budget to Mid-range,"Leopard spotting, Sloth bears, Deer, Crocodile, Natural villa lakes","Much less crowded than Yala with equally good leopard chances. The villa lake landscape is unique.","Pristine natural lakes, excellent leopard sightings, fewer crowds"
Minneriya,Wildlife,North Central,Famous for The Gathering the largest elephant congregation in Asia where hundreds of elephants meet at the reservoir.,July to October,182,Budget to Mid-range,"The Gathering elephant event, Reservoir game drives, Bird watching","Plan visit between August and October for the famous Gathering. Combine with Sigiriya and Polonnaruwa.","World's largest elephant gathering, up to 300 elephants, scenic reservoir"
Colombo,Capital,Western,A vibrant modern capital blending Dutch colonial history with contemporary skyscrapers. Exciting food scene and coastal promenade walks.,Year-round,0,Budget to Luxury,"Galle Face Green, Pettah Market, National Museum, Gangaramaya Temple, Colombo Fort, Viharamahadevi Park, Beira Lake","Try street food at Galle Face Green in the evening. Take a tuk-tuk for short trips. The Pettah Market is fascinating.","Diverse food scene, colonial architecture, modern city life"
Galle,Heritage,Southern,A magnificent Dutch colonial fort town on the southern tip of Sri Lanka. UNESCO-listed with cobblestone streets boutique hotels and ocean views from the ramparts.,November to April,116,Mid-range to Luxury,"Galle Fort, Dutch Reformed Church, National Maritime Museum, Ramparts walk, Boutique shopping","Walk the ramparts at sunset. The fort has excellent cafes and boutique shops. Stay inside the fort for the full experience.","UNESCO colonial fort, boutique dining, Indian Ocean rampart walks"
Adams Peak,Nature,Sabaragamuwa,A sacred pilgrimage mountain known as Sri Pada with a famous footprint at its summit. Climbed by pilgrims of all faiths especially at full moon.,December to May,105,Budget,"Summit pilgrimage, Sri Pada footprint, Sunrise views, Waterfall trail","The climb starts at 2am to catch sunrise from the summit. The path is lit with lights during pilgrimage season.","Sacred mountain pilgrimage, spectacular sunrise, multi-faith significance"
